"DOMAIN","OBSERVED","EXPECTED","RAW.P.VALUE","ADJ.P.VALUE"
"S1",2,3.12461,0.8222,1
"S2",1,3.12791,0.9564,1
"S2-S3_Linker",4,3.42394,0.4492,1
"S3",2,3.11931,0.8219,1
"S4",18,3.40334,1e-04,0.0014
"S4-S5_Linker",1,1.92319,0.8533,1
"S5",8,3.12631,0.0143,0.2002
"Pore_Loop",29,5.82268,1e-04,0.0014
"S6",11,3.15062,7e-04,0.0098
"Helix_A",7,4.0347,0.115,1
"Helix_B",8,3.59836,0.0283,0.3962
"Helix_C",5,3.25853,0.2308,1
"Helix_D",1,4.92819,0.9928,1
"Ankyrin_G_Binding",0,2.51485,1,1
