"DOMAIN","OBSERVED","EXPECTED","RAW.P.VALUE","ADJ.P.VALUE"
"S1",0,1.9535,1,1
"S2",1,1.9504,0.863,1
"S2-S3_Linker",1,2.15332,0.8907,1
"S3",2,1.9837,0.5927,1
"S4",11,2.18192,2e-04,0.0028
"S4-S5_Linker",0,1.22152,1,1
"S5",6,1.972,0.0143,0.2002
"Pore_Loop",23,3.67957,1e-04,0.0014
"S6",8,1.9853,6e-04,0.0084
"Helix_A",4,2.53585,0.2498,1
"Helix_B",5,2.24492,0.0729,1
"Helix_C",3,2.08331,0.3472,1
"Helix_D",0,3.11331,1,1
"Ankyrin_G_Binding",0,1.61056,1,1
